id,parentId,name,massKg,meanRadiusM,albedo,gm,equatorialRadiusM,densityKgM3,siderealRotationPeriodS,orbitRotationPeriodS,equatorialGravity,escapeVelocityM
0,0,Solar System Barycenter (SSB),1.989e+030,0.0,0.0,1.327178151e+020,0.0,0.0,0.0,0.0,0.0,0.0,
10,0,Sun,1.989e+030,695700000.0,0.0,1.327178151e+020,695700000.0,0.0,2164320.0,0.0,0.0,0.0,
1,1,Mercury Barycenter,3.30114e+023,0.0,0.0,22027153752600.0,0.0,0.0,0.0,7600543.819920001,0.0,0.0,
2,2,Venus Barycenter,4.86747e+024,0.0,0.0,324786316473000.0,0.0,0.0,0.0,19414149.052176,0.0,0.0,
3,3,Earth-Moot Barycenter,5.97237e+024,0.0,0.0,398511763382999.9,0.0,0.0,0.0,31558149.10224,0.0,0.0,
4,4,Mars Barycenter,6.417119999999999e+023,0.0,0.0,42818810740799.99,0.0,0.0,0.0,59355036.22176,0.0,0.0,
5,5,Jupiter Barycenter,1.898187e+027,0.0,0.0,1.266582359433e+017,0.0,0.0,0.0,374355659.124,0.0,0.0,
6,6,Saturn Barycenter,5.68336e+026,0.0,0.0,3.79227311024e+016,0.0,0.0,0.0,929292362.8848001,0.0,0.0,
7,7,Uranus Barycenter,8.68127e+025,0.0,0.0,5792655538930000.0,0.0,0.0,0.0,2651370019.3296,0.0,0.0,
8,8,Neptune Barycenter,1.024126e+026,0.0,0.0,6833572906339999.0,0.0,0.0,0.0,5200418560.032001,0.0,0.0,
9,9,Pluto-Charon Barycenter,1.303e+022,0.0,0.0,869438477000.0,0.0,0.0,0.0,7823780704.44,0.0,0.0,
199,1,Mercury,3.30114e+023,2439400.0,0.106,22027153752600.0,2440530.0,5429.1,5067031.680000001,7600543.819920001,3.7,4250.0,
299,2,Venus,4.86747e+024,6051800.0,0.65,324786316473000.0,6051800.0,5243.0,-20996755.2,19414149.052176,8.869999999999999,10360.0,
399,3,Earth,5.97237e+024,6371008.399999999,0.367,398511763382999.9,6378136.6,5513.6,86164.10035200001,31558149.10224,9.800000000000001,11190.0,
499,4,Mars,6.417119999999999e+023,3389500.0,0.15,42818810740799.99,3396190.0,3934.1,88642.664064,59355036.22176,3.71,5030.0,
599,5,Jupiter,1.898187e+027,69911000.0,0.52,1.266582359433e+017,71492000.0,1326.2,35729.856,374355659.124,24.79,60200.0,
699,6,Saturn,5.68336e+026,58232000.0,0.47,3.79227311024e+016,60268000.0,687.1,38362.464,929292362.8848001,10.44,36090.0,
799,7,Uranus,8.68127e+025,25362000.0,0.51,5792655538930000.0,25559000.0,1270.0,-62063.71200000001,2651370019.3296,8.869999999999999,21380.0,
899,8,Neptune,1.024126e+026,24622000.0,0.41,6833572906339999.0,24764000.0,1638.0,57995.99999999999,5200418560.032001,11.15,23560.0,
999,9,Pluto,1.303e+022,1188300.0,0.3,869438477000.0,1188300.0,1890.0,-551854.08,7823780704.44,0.62,1210.0,
301,3,Moon,7.347673092457352e+022,1737500.0,0.12,4902801000000.0,0.0,3344.0,0.0,0.0,0.0,0.0,
401,4,Phobos,1.065852989618724e+016,11100.0,0.07099999999999999,711200.0,0.0,1872.0,0.0,0.0,0.0,0.0,
402,4,Deimos,1476188406600735.0,6200.0,0.06800000000000001,98500.0,0.0,1471.0,0.0,0.0,0.0,0.0,
501,5,Io,8.931937973110891e+022,1821600.0,0.63,5959916000000.0,0.0,3528.0,0.0,0.0,0.0,0.0,
502,5,Europa,4.799843838749272e+022,1560800.0,0.67,3202739000000.0,0.0,3013.0,0.0,0.0,0.0,0.0,
503,5,Ganymede,1.481858468750515e+023,2631200.0,0.43,9887834000000.0,0.0,1942.0,0.0,0.0,0.0,0.0,
504,5,Callisto,1.075937379638192e+023,2410300.0,0.17,7179289000000.0,0.0,1834.0,0.0,0.0,0.0,0.0,
505,5,Amalthea,2.068162437674127e+018,83450.0,0.09,138000000.0,0.0,849.0,0.0,0.0,0.0,0.0,
506,5,Himalia,6.74400794893737e+018,85000.0,0.04,450000000.0,0.0,2600.0,0.0,0.0,0.0,0.0,
507,5,Elara,8.692276911963721e+017,43000.0,0.04,58000000.0,0.0,2600.0,0.0,0.0,0.0,0.0,
508,5,Pasiphae,2.997336866194387e+017,30000.0,0.04,20000000.0,0.0,2600.0,0.0,0.0,0.0,0.0,
509,5,Sinope,7.493342165485966e+016,19000.0,0.04,5000000.0,0.0,2600.0,0.0,0.0,0.0,0.0,
510,5,Lysithea,6.294407419008211e+016,18000.0,0.04,4200000.0,0.0,2600.0,0.0,0.0,0.0,0.0,
511,5,Carme,1.31882822112553e+017,23000.0,0.04,8800000.0,0.0,2600.0,0.0,0.0,0.0,0.0,
512,5,Ananke,2.997336866194386e+016,14000.0,0.04,2000000.0,0.0,2600.0,0.0,0.0,0.0,0.0,
513,5,Leda,1.094027956160951e+016,10000.0,0.04,730000.0,0.0,2600.0,0.0,0.0,0.0,0.0,
514,5,Thebe,1.498668433097193e+018,49300.0,0.047,100000000.0,0.0,3000.0,0.0,0.0,0.0,0.0,
515,5,Adrastea,7493342165485966.0,8200.0,0.1,500000.0,0.0,3000.0,0.0,0.0,0.0,0.0,
516,5,Metis,1.198934746477755e+017,21500.0,0.061,8000000.0,0.0,3000.0,0.0,0.0,0.0,0.0,
517,5,Callirrhoe,869227691196372.0,4300.0,0.04,58000.0,0.0,2600.0,0.0,0.0,0.0,0.0,
518,5,Themisto,689387479224708.9,4000.0,0.04,46000.0,0.0,2600.0,0.0,0.0,0.0,0.0,
519,5,Megaclite,209813580633607.1,2700.0,0.04,14000.0,0.0,2600.0,0.0,0.0,0.0,0.0,
520,5,Taygete,164853527640691.3,2500.0,0.04,11000.0,0.0,2600.0,0.0,0.0,0.0,0.0,
521,5,Chaldene,74933421654859.66,1900.0,0.04,5000.0,0.0,2600.0,0.0,0.0,0.0,0.0,
522,5,Harpalyke,119893474647775.5,2200.0,0.04,8000.0,0.0,2600.0,0.0,0.0,0.0,0.0,
523,5,Kalyke,194826896302635.1,2600.0,0.04,13000.0,0.0,2600.0,0.0,0.0,0.0,0.0,
524,5,Iocaste,194826896302635.1,2600.0,0.04,13000.0,0.0,2600.0,0.0,0.0,0.0,0.0,
525,5,Erinome,44960052992915.8,1600.0,0.04,3000.0,0.0,2600.0,0.0,0.0,0.0,0.0,
526,5,Isonoe,74933421654859.66,1900.0,0.04,5000.0,0.0,2600.0,0.0,0.0,0.0,0.0,
527,5,Praxidike,434613845598186.0,3400.0,0.04,29000.0,0.0,2600.0,0.0,0.0,0.0,0.0,
528,5,Autonoe,89920105985831.59,2000.0,0.04,6000.0,0.0,2600.0,0.0,0.0,0.0,0.0,
529,5,Thyone,89920105985831.59,2000.0,0.04,6000.0,0.0,2600.0,0.0,0.0,0.0,0.0,
530,5,Hermippe,89920105985831.59,2000.0,0.04,6000.0,0.0,2600.0,0.0,0.0,0.0,0.0,
531,5,Aitne,44960052992915.8,1500.0,0.04,3000.0,0.0,2600.0,0.0,0.0,0.0,0.0,
532,5,Eurydome,44960052992915.8,1500.0,0.04,3000.0,0.0,2600.0,0.0,0.0,0.0,0.0,
533,5,Euanthe,44960052992915.8,1500.0,0.04,3000.0,0.0,2600.0,0.0,0.0,0.0,0.0,
534,5,Euporie,14986684330971.93,1000.0,0.04,1000.0,0.0,2600.0,0.0,0.0,0.0,0.0,
535,5,Orthosie,14986684330971.93,1000.0,0.04,1000.0,0.0,2600.0,0.0,0.0,0.0,0.0,
536,5,Sponde,14986684330971.93,1000.0,0.04,1000.0,0.0,2600.0,0.0,0.0,0.0,0.0,
537,5,Kale,14986684330971.93,1000.0,0.04,1000.0,0.0,2600.0,0.0,0.0,0.0,0.0,
538,5,Pasithee,14986684330971.93,1000.0,0.04,1000.0,0.0,2600.0,0.0,0.0,0.0,0.0,
539,5,Hegemone,44960052992915.8,1500.0,0.04,3000.0,0.0,2600.0,0.0,0.0,0.0,0.0,
540,5,Mneme,14986684330971.93,1000.0,0.04,1000.0,0.0,2600.0,0.0,0.0,0.0,0.0,
541,5,Aoede,89920105985831.59,2000.0,0.04,6000.0,0.0,2600.0,0.0,0.0,0.0,0.0,
542,5,Thelxinoe,14986684330971.93,1000.0,0.04,1000.0,0.0,2600.0,0.0,0.0,0.0,0.0,
543,5,Arche,44960052992915.8,1500.0,0.04,3000.0,0.0,2600.0,0.0,0.0,0.0,0.0,
544,5,Kallichore,14986684330971.93,1000.0,0.04,1000.0,0.0,2600.0,0.0,0.0,0.0,0.0,
545,5,Helike,89920105985831.59,2000.0,0.04,6000.0,0.0,2600.0,0.0,0.0,0.0,0.0,
546,5,Carpo,44960052992915.8,1500.0,0.04,3000.0,0.0,2600.0,0.0,0.0,0.0,0.0,
547,5,Eukelade,89920105985831.59,2000.0,0.04,6000.0,0.0,2600.0,0.0,0.0,0.0,0.0,
548,5,Cyllene,14986684330971.93,1000.0,0.04,1000.0,0.0,2600.0,0.0,0.0,0.0,0.0,
549,5,Kore,14986684330971.93,1000.0,0.04,1000.0,0.0,2600.0,0.0,0.0,0.0,0.0,
550,5,Herse,14986684330971.93,1000.0,0.04,1000.0,0.0,2600.0,0.0,0.0,0.0,0.0,
551,5,S/2000 J11,14986684330971.93,1000.0,0.04,1000.0,0.0,2600.0,0.0,0.0,0.0,0.0,
552,5,S/2003 J2,14986684330971.93,1000.0,0.04,1000.0,0.0,2600.0,0.0,0.0,0.0,0.0,
553,5,S/2003 J3,14986684330971.93,1000.0,0.04,1000.0,0.0,2600.0,0.0,0.0,0.0,0.0,
554,5,S/2003 J4,14986684330971.93,1000.0,0.04,1000.0,0.0,2600.0,0.0,0.0,0.0,0.0,
555,5,S/2003 J5,89920105985831.59,2000.0,0.04,6000.0,0.0,2600.0,0.0,0.0,0.0,0.0,
556,5,S/2003 J9,1498668433097.193,500.0,0.04,100.0,0.0,2600.0,0.0,0.0,0.0,0.0,
557,5,S/2003 J10,14986684330971.93,1000.0,0.04,1000.0,0.0,2600.0,0.0,0.0,0.0,0.0,
558,5,S/2003 J12,1498668433097.193,500.0,0.04,100.0,0.0,2600.0,0.0,0.0,0.0,0.0,
559,5,S/2003 J15,14986684330971.93,1000.0,0.04,1000.0,0.0,2600.0,0.0,0.0,0.0,0.0,
560,5,S/2003 J16,14986684330971.93,1000.0,0.04,1000.0,0.0,2600.0,0.0,0.0,0.0,0.0,
561,5,S/2003 J18,14986684330971.93,1000.0,0.04,1000.0,0.0,2600.0,0.0,0.0,0.0,0.0,
562,5,S/2003 J19,14986684330971.93,1000.0,0.04,1000.0,0.0,2600.0,0.0,0.0,0.0,0.0,
563,5,S/2003 J23,14986684330971.93,1000.0,0.04,1000.0,0.0,2600.0,0.0,0.0,0.0,0.0,
564,5,S/2010 J1,14986684330971.93,1000.0,0.04,1000.0,0.0,2600.0,0.0,0.0,0.0,0.0,
565,5,S/2010 J2,14986684330971.93,1000.0,0.04,1000.0,0.0,2600.0,0.0,0.0,0.0,0.0,
566,5,S/2011 J1,14986684330971.93,1000.0,0.04,1000.0,0.0,2600.0,0.0,0.0,0.0,0.0,
567,5,S/2011 J2,14986684330971.93,1000.0,0.04,1000.0,0.0,2600.0,0.0,0.0,0.0,0.0,
601,6,Mimas,3.750567620669036e+019,198200.0,0.962,2502600000.0,0.0,1150.0,0.0,0.0,0.0,0.0,
602,6,Enceladus,1.079445912306915e+020,252100.0,1.375,7202700000.0,0.0,1608.0,0.0,0.0,0.0,0.0,
603,6,Tethys,6.175518052210611e+020,533000.0,1.229,41206700000.0,0.0,973.0,0.0,0.0,0.0,0.0,
604,6,Dione,1.09574543018528e+021,561700.0,0.998,73114600000.0,0.0,1476.0,0.0,0.0,0.0,0.0,
605,6,Rhea,2.30708915128908e+021,764300.0,0.949,153942600000.0,0.0,1233.0,0.0,0.0,0.0,0.0,
606,6,Titan,1.345525230832405e+023,2574730.0,0.2,8978138200000.0,0.0,1882.0,0.0,0.0,0.0,0.0,
607,6,Hyperion,5.58553725015324e+018,135000.0,0.3,372700000.0,0.0,544.0,0.0,0.0,0.0,0.0,
608,6,Iapetus,1.805952411282576e+021,735600.0,0.6,120503800000.0,0.0,1083.0,0.0,0.0,0.0,0.0,
609,6,Phoebe,8.290633771893673e+018,106500.0,0.081,553200000.0,0.0,1638.0,0.0,0.0,0.0,0.0,
610,6,Janus,1.892818231001755e+018,89500.0,0.71,126300000.0,0.0,630.0,0.0,0.0,0.0,0.0,
611,6,Epimetheus,5.260326200171148e+017,58100.0,0.73,35100000.0,0.0,640.0,0.0,0.0,0.0,0.0,
612,6,Helene,1.138988009153867e+016,17600.0,1.67,760000.0,0.0,500.0,0.0,0.0,0.0,0.0,
613,6,Telesto,4046404769362422.0,12400.0,1.0,270000.0,0.0,500.0,0.0,0.0,0.0,0.0,
614,6,Calypso,2547736336265229.0,10700.0,1.34,170000.0,0.0,500.0,0.0,0.0,0.0,0.0,
615,6,Atlas,6594141105627650.0,15100.0,0.4,440000.0,0.0,460.0,0.0,0.0,0.0,0.0,
616,6,Prometheus,1.609569897146386e+017,43100.0,0.6,10740000.0,0.0,480.0,0.0,0.0,0.0,0.0,
617,6,Pandora,1.384769632181807e+017,40700.0,0.5,9240000.0,0.0,490.0,0.0,0.0,0.0,0.0,
618,6,Pan,4945605829220738.0,14100.0,0.5,330000.0,0.0,420.0,0.0,0.0,0.0,0.0,
619,6,Methone,8992010598583.16,1600.0,0.0,600.0,0.0,500.0,0.0,0.0,0.0,0.0,
620,6,Pallene,32970705528138.25,2500.0,0.0,2200.0,0.0,500.0,0.0,0.0,0.0,0.0,
621,6,Polydeuces,4496005299291.58,1300.0,0.0,300.0,0.0,500.0,0.0,0.0,0.0,0.0,
622,6,Daphnis,77930758521054.05,3800.0,0.0,5200.0,0.0,340.0,0.0,0.0,0.0,0.0,
623,6,Anthe,1498668433097.193,900.0,0.0,100.0,0.0,500.0,0.0,0.0,0.0,0.0,
624,6,Aegaeon,59946737323.88773,300.0,0.0,4.0,0.0,500.0,0.0,0.0,0.0,0.0,
625,6,Ymir,4945605829220738.0,9000.0,0.06,330000.0,0.0,2300.0,0.0,0.0,0.0,0.0,
626,6,Paaliaq,8242676382034563.0,11000.0,0.06,550000.0,0.0,2300.0,0.0,0.0,0.0,0.0,
627,6,Tarvos,2697603179574948.0,7500.0,0.06,180000.0,0.0,2300.0,0.0,0.0,0.0,0.0,
628,6,Ijiraq,1198934746477755.0,6000.0,0.06,80000.0,0.0,2300.0,0.0,0.0,0.0,0.0,
629,6,Suttungr,209813580633607.1,3500.0,0.06,14000.0,0.0,2300.0,0.0,0.0,0.0,0.0,
630,6,Kiviuq,3297070552813825.0,8000.0,0.06,220000.0,0.0,2300.0,0.0,0.0,0.0,0.0,
631,6,Mundilfari,209813580633607.1,3500.0,0.06,14000.0,0.0,2300.0,0.0,0.0,0.0,0.0,
632,6,Albiorix,2.09813580633607e+016,16000.0,0.06,1400000.0,0.0,2300.0,0.0,0.0,0.0,0.0,
633,6,Skathi,314720370950410.6,4000.0,0.06,21000.0,0.0,2300.0,0.0,0.0,0.0,0.0,
634,6,Erriapus,764320900879568.5,5000.0,0.06,51000.0,0.0,2300.0,0.0,0.0,0.0,0.0,
635,6,Siarnaq,3.896537926052702e+016,20000.0,0.06,2600000.0,0.0,2300.0,0.0,0.0,0.0,0.0,
636,6,Thrymr,209813580633607.1,3500.0,0.06,14000.0,0.0,2300.0,0.0,0.0,0.0,0.0,
637,6,Narvi,344693739612354.4,3500.0,0.04,23000.0,0.0,2300.0,0.0,0.0,0.0,0.0,
638,6,Aegir,0.0,3000.0,0.04,0.0,0.0,2300.0,0.0,0.0,0.0,0.0,
639,6,Bebhionn,0.0,3000.0,0.04,0.0,0.0,2300.0,0.0,0.0,0.0,0.0,
640,6,Bergelmir,0.0,3000.0,0.04,0.0,0.0,2300.0,0.0,0.0,0.0,0.0,
641,6,Bestla,0.0,3500.0,0.04,0.0,0.0,2300.0,0.0,0.0,0.0,0.0,
642,6,Farbauti,0.0,2500.0,0.04,0.0,0.0,2300.0,0.0,0.0,0.0,0.0,
643,6,Fenrir,0.0,2000.0,0.04,0.0,0.0,2300.0,0.0,0.0,0.0,0.0,
644,6,Fornjot,0.0,3000.0,0.04,0.0,0.0,2300.0,0.0,0.0,0.0,0.0,
645,6,Hati,0.0,3000.0,0.04,0.0,0.0,2300.0,0.0,0.0,0.0,0.0,
646,6,Hyrrokkin,0.0,3000.0,0.04,0.0,0.0,2300.0,0.0,0.0,0.0,0.0,
647,6,Kari,0.0,3000.0,0.04,0.0,0.0,2300.0,0.0,0.0,0.0,0.0,
648,6,Loge,0.0,3000.0,0.04,0.0,0.0,2300.0,0.0,0.0,0.0,0.0,
649,6,Skoll,0.0,3000.0,0.04,0.0,0.0,2300.0,0.0,0.0,0.0,0.0,
650,6,Surtur,0.0,3000.0,0.04,0.0,0.0,2300.0,0.0,0.0,0.0,0.0,
651,6,Jarnsaxa,0.0,3000.0,0.04,0.0,0.0,2300.0,0.0,0.0,0.0,0.0,
652,6,Greip,0.0,3000.0,0.04,0.0,0.0,2300.0,0.0,0.0,0.0,0.0,
653,6,Tarqeq,0.0,3000.0,0.04,0.0,0.0,2300.0,0.0,0.0,0.0,0.0,
654,6,S/2004 S7,0.0,3000.0,0.04,0.0,0.0,2300.0,0.0,0.0,0.0,0.0,
655,6,S/2004 S12,0.0,2500.0,0.04,0.0,0.0,2300.0,0.0,0.0,0.0,0.0,
656,6,S/2004 S13,0.0,3000.0,0.04,0.0,0.0,2300.0,0.0,0.0,0.0,0.0,
657,6,S/2004 S17,0.0,2000.0,0.04,0.0,0.0,2300.0,0.0,0.0,0.0,0.0,
658,6,S/2006 S1,0.0,3000.0,0.04,0.0,0.0,2300.0,0.0,0.0,0.0,0.0,
659,6,S/2006 S3,0.0,2500.0,0.04,0.0,0.0,2300.0,0.0,0.0,0.0,0.0,
660,6,S/2007 S2,0.0,3000.0,0.04,0.0,0.0,2300.0,0.0,0.0,0.0,0.0,
661,6,S/2007 S3,0.0,2000.0,0.04,0.0,0.0,2300.0,0.0,0.0,0.0,0.0,
701,7,Ariel,1.294849526195975e+021,578900.0,0.39,86400000000.0,0.0,1592.0,0.0,0.0,0.0,0.0,
702,7,Umbriel,1.221414772974212e+021,584700.0,0.21,81500000000.0,0.0,1459.0,0.0,0.0,0.0,0.0,
703,7,Titania,3.419961364327795e+021,788900.0,0.27,228200000000.0,0.0,1662.0,0.0,0.0,0.0,0.0,
704,7,Oberon,2.883438065279e+021,761400.0,0.23,192400000000.0,0.0,1559.0,0.0,0.0,0.0,0.0,
705,7,Miranda,6.594141105627651e+019,235800.0,0.32,4400000000.0,0.0,1214.0,0.0,0.0,0.0,0.0,
706,7,Cordelia,4.49600529929158e+016,20100.0,0.07000000000000001,3000000.0,0.0,1300.0,0.0,0.0,0.0,0.0,
707,7,Ophelia,5.395206359149895e+016,21400.0,0.07000000000000001,3600000.0,0.0,1300.0,0.0,0.0,0.0,0.0,
708,7,Bianca,9.291744285202598e+016,27000.0,0.065,6200000.0,0.0,1300.0,0.0,0.0,0.0,0.0,
709,7,Cressida,3.431950711792572e+017,41000.0,0.06900000000000001,22900000.0,0.0,1300.0,0.0,0.0,0.0,0.0,
710,7,Desdemona,1.78341543538566e+017,35000.0,0.08400000000000001,11900000.0,0.0,1300.0,0.0,0.0,0.0,0.0,
711,7,Juliet,5.575046571121559e+017,53000.0,0.075,37200000.0,0.0,1300.0,0.0,0.0,0.0,0.0,
712,7,Portia,1.681505981935051e+018,70000.0,0.06900000000000001,112200000.0,0.0,1300.0,0.0,0.0,0.0,0.0,
713,7,Rosalind,2.547736336265229e+017,36000.0,0.072,17000000.0,0.0,1300.0,0.0,0.0,0.0,0.0,
714,7,Belinda,3.56683087077132e+017,45000.0,0.067,23800000.0,0.0,1300.0,0.0,0.0,0.0,0.0,
715,7,Puck,2.89392874431068e+018,81000.0,0.104,193100000.0,0.0,1300.0,0.0,0.0,0.0,0.0,
716,7,Caliban,2.997336866194387e+017,36000.0,0.04,20000000.0,0.0,1500.0,0.0,0.0,0.0,0.0,
717,7,Sycorax,2.697603179574948e+018,75000.0,0.04,180000000.0,0.0,1500.0,0.0,0.0,0.0,0.0,
718,7,Prospero,9.891211658441475e+016,25000.0,0.04,6600000.0,0.0,1500.0,0.0,0.0,0.0,0.0,
719,7,Setebos,8.69227691196372e+016,24000.0,0.04,5800000.0,0.0,1500.0,0.0,0.0,0.0,0.0,
720,7,Stephano,2.547736336265228e+016,16000.0,0.04,1700000.0,0.0,1500.0,0.0,0.0,0.0,0.0,
721,7,Trinculo,4645872142601299.0,9000.0,0.04,310000.0,0.0,1500.0,0.0,0.0,0.0,0.0,
722,7,Francisco,8392543225344282.0,11000.0,0.04,560000.0,0.0,1500.0,0.0,0.0,0.0,0.0,
723,7,Margaret,6294407419008211.0,10000.0,0.04,420000.0,0.0,1500.0,0.0,0.0,0.0,0.0,
724,7,Ferdinand,6294407419008211.0,10000.0,0.04,420000.0,0.0,1500.0,0.0,0.0,0.0,0.0,
725,7,Perdita,1.798402119716632e+016,13000.0,0.07000000000000001,1200000.0,0.0,1300.0,0.0,0.0,0.0,0.0,
726,7,Mab,8992010598583159.0,12000.0,0.103,600000.0,0.0,1300.0,0.0,0.0,0.0,0.0,
727,7,Cupid,2997336866194387.0,9000.0,0.07000000000000001,200000.0,0.0,1300.0,0.0,0.0,0.0,0.0,
801,8,Triton,2.139499055089553e+022,1353400.0,0.719,1427600000000.0,0.0,2059.0,0.0,0.0,0.0,0.0,
802,8,Nereid,3.087256972180218e+019,170000.0,0.155,2060000000.0,0.0,1500.0,0.0,0.0,0.0,0.0,
803,8,Naiad,1.948268963026351e+017,33000.0,0.072,13000000.0,0.0,1300.0,0.0,0.0,0.0,0.0,
804,8,Thalassa,3.746671082742983e+017,41000.0,0.091,25000000.0,0.0,1300.0,0.0,0.0,0.0,0.0,
805,8,Despina,2.09813580633607e+018,75000.0,0.09,140000000.0,0.0,1300.0,0.0,0.0,0.0,0.0,
806,8,Galatea,3.746671082742983e+018,88000.0,0.079,250000000.0,0.0,1300.0,0.0,0.0,0.0,0.0,
807,8,Larissa,4.945605829220738e+018,97000.0,0.091,330000000.0,0.0,1300.0,0.0,0.0,0.0,0.0,
808,8,Proteus,5.03552593520657e+019,210000.0,0.096,3360000000.0,0.0,1300.0,0.0,0.0,0.0,0.0,
809,8,Halimede,1.798402119716632e+017,31000.0,0.04,12000000.0,0.0,1500.0,0.0,0.0,0.0,0.0,
810,8,Psamathe,4.945605829220738e+016,20000.0,0.04,3300000.0,0.0,1500.0,0.0,0.0,0.0,0.0,
811,8,Sao,6.74400794893737e+016,22000.0,0.04,4500000.0,0.0,1500.0,0.0,0.0,0.0,0.0,
812,8,Laomedeia,5.844806889079054e+016,21000.0,0.04,3900000.0,0.0,1500.0,0.0,0.0,0.0,0.0,
813,8,Neso,1.648535276406913e+017,30000.0,0.04,11000000.0,0.0,1500.0,0.0,0.0,0.0,0.0,
814,8,S/2004 N1,4496005299291580.0,9000.0,0.1,300000.0,0.0,1300.0,0.0,0.0,0.0,0.0,
901,9,Charon,1.533137807058429e+021,603600.0,0.372,102300000000.0,0.0,1664.0,0.0,0.0,0.0,0.0,
902,9,Nix,1.948268963026351e+016,23000.0,0.35,1300000.0,0.0,2100.0,0.0,0.0,0.0,0.0,
903,9,Hydra,9.741344815131755e+016,30500.0,0.35,6500000.0,0.0,800.0,0.0,0.0,0.0,0.0,
904,9,Kerberos,1.648535276406913e+016,14000.0,0.35,1100000.0,0.0,1400.0,0.0,0.0,0.0,0.0,
905,9,Styx,0.0,10000.0,0.35,0.0,0.0,0.0,0.0,0.0,0.0,0.0,
2000001,0,Ceres,9.385920609538426e+020,469700.0,0.09,62628400000.0,0.0,0.0,0.0,0.0,0.0,0.0,
2000002,0,Pallas,2.143095859328986e+020,272500.0,0.101,14300000000.0,0.0,0.0,0.0,0.0,0.0,0.0,
2000003,0,Juno,0.0,123298.0,0.214,0.0,0.0,0.0,0.0,0.0,0.0,0.0,
2000004,0,Vesta,2.667629810913004e+020,262700.0,0.4228,17800000000.0,0.0,0.0,0.0,0.0,0.0,0.0,
2000005,0,Astraea,0.0,53349.5,0.274,0.0,0.0,0.0,0.0,0.0,0.0,0.0,
2000006,0,Hebe,0.0,92590.0,0.2679,0.0,0.0,0.0,0.0,0.0,0.0,0.0,
2000007,0,Iris,0.0,99915.0,0.2766,0.0,0.0,0.0,0.0,0.0,0.0,0.0,
2000008,0,Flora,0.0,73745.5,0.226,0.0,0.0,0.0,0.0,0.0,0.0,0.0,
2000009,0,Metis,0.0,95000.0,0.118,0.0,0.0,0.0,0.0,0.0,0.0,0.0,
2000010,0,Hygiea,1.049067903168035e+020,203560.0,0.0717,7000000000.0,0.0,0.0,0.0,0.0,0.0,0.0,
2000011,0,Parthenope,0.0,71443.5,0.191,0.0,0.0,0.0,0.0,0.0,0.0,0.0,
2000012,0,Victoria,0.0,57543.5,0.163,0.0,0.0,0.0,0.0,0.0,0.0,0.0,
2000013,0,Egeria,0.0,101318.0,0.07000000000000001,0.0,0.0,0.0,0.0,0.0,0.0,0.0,
2000014,0,Irene,0.0,76000.0,0.159,0.0,0.0,0.0,0.0,0.0,0.0,0.0,
2000015,0,Eunomia,0.0,115844.5,0.248,0.0,0.0,0.0,0.0,0.0,0.0,0.0,
2000016,0,Psyche,2.292962702638706e+019,113000.0,0.1203,1530000000.0,0.0,0.0,0.0,0.0,0.0,0.0,
2000017,0,Thetis,0.0,42449.5,0.193,0.0,0.0,0.0,0.0,0.0,0.0,0.0,
2000018,0,Melpomene,0.0,69797.0,0.181,0.0,0.0,0.0,0.0,0.0,0.0,0.0,
2000019,0,Fortuna,0.0,100000.0,0.037,0.0,0.0,0.0,0.0,0.0,0.0,0.0,
2000020,0,Massalia,0.0,67840.0,0.241,0.0,0.0,0.0,0.0,0.0,0.0,0.0,
2000021,0,Lutetia,0.0,47880.0,0.2212,0.0,0.0,0.0,0.0,0.0,0.0,0.0,
2000022,0,Kalliope,7.358462006507219e+018,83768.0,0.166,491000000.0,0.0,0.0,0.0,0.0,0.0,0.0,
2000023,0,Thalia,0.0,53765.0,0.2536,0.0,0.0,0.0,0.0,0.0,0.0,0.0,
2000024,0,Themis,0.0,99000.0,0.067,0.0,0.0,0.0,0.0,0.0,0.0,0.0,
2000025,0,Phocaea,0.0,30527.0,0.35,0.0,0.0,0.0,0.0,0.0,0.0,0.0,
2000026,0,Proserpina,0.0,47400.0,0.1966,0.0,0.0,0.0,0.0,0.0,0.0,0.0,
2000027,0,Euterpe,0.0,48000.0,0.215,0.0,0.0,0.0,0.0,0.0,0.0,0.0,
2000028,0,Bellona,0.0,60450.0,0.1763,0.0,0.0,0.0,0.0,0.0,0.0,0.0,
2000029,0,Amphitrite,0.0,94779.5,0.216,0.0,0.0,0.0,0.0,0.0,0.0,0.0,
2000030,0,Urania,0.0,46393.5,0.192,0.0,0.0,0.0,0.0,0.0,0.0,0.0,
2000031,0,Euphrosyne,0.0,133540.0,0.053,0.0,0.0,0.0,0.0,0.0,0.0,0.0,
2000032,0,Pomona,0.0,40380.0,0.2564,0.0,0.0,0.0,0.0,0.0,0.0,0.0,
2000033,0,Polyhymnia,0.0,26464.5,0.24,0.0,0.0,0.0,0.0,0.0,0.0,0.0,
2000034,0,Circe,0.0,66496.0,0.052,0.0,0.0,0.0,0.0,0.0,0.0,0.0,
2000035,0,Leukothea,0.0,51527.5,0.066,0.0,0.0,0.0,0.0,0.0,0.0,0.0,
2000036,0,Atalante,0.0,66421.0,0.036,0.0,0.0,0.0,0.0,0.0,0.0,0.0,
2000037,0,Fides,0.0,54175.0,0.1826,0.0,0.0,0.0,0.0,0.0,0.0,0.0,
2000038,0,Leda,0.0,46127.5,0.055,0.0,0.0,0.0,0.0,0.0,0.0,0.0,
2000039,0,Laetitia,0.0,89742.0,0.269,0.0,0.0,0.0,0.0,0.0,0.0,0.0,
2000040,0,Harmonia,0.0,55625.5,0.22,0.0,0.0,0.0,0.0,0.0,0.0,0.0,
2000041,0,Daphne,0.0,102747.5,0.059,0.0,0.0,0.0,0.0,0.0,0.0,0.0,
2000042,0,Isis,0.0,55498.5,0.139,0.0,0.0,0.0,0.0,0.0,0.0,0.0,
2000043,0,Ariadne,0.0,35670.0,0.234,0.0,0.0,0.0,0.0,0.0,0.0,0.0,
2000044,0,Nysa,0.0,35320.0,0.482,0.0,0.0,0.0,0.0,0.0,0.0,0.0,
2000045,0,Eugenia,0.0,101163.5,0.045,0.0,0.0,0.0,0.0,0.0,0.0,0.0,
2000046,0,Hestia,0.0,65735.5,0.046,0.0,0.0,0.0,0.0,0.0,0.0,0.0,
2000047,0,Aglaja,0.0,84087.0,0.082,0.0,0.0,0.0,0.0,0.0,0.0,0.0,
2000048,0,Doris,0.0,108236.5,0.065,0.0,0.0,0.0,0.0,0.0,0.0,0.0,
2000049,0,Pales,0.0,83126.0,0.048,0.0,0.0,0.0,0.0,0.0,0.0,0.0,
2000050,0,Virginia,0.0,42037.0,0.05,0.0,0.0,0.0,0.0,0.0,0.0,0.0,
2000051,0,Nemausa,0.0,69079.5,0.105,0.0,0.0,0.0,0.0,0.0,0.0,0.0,
2000052,0,Europa,0.0,151959.0,0.057,0.0,0.0,0.0,0.0,0.0,0.0,0.0,
2000053,0,Kalypso,0.0,48631.0,0.031,0.0,0.0,0.0,0.0,0.0,0.0,0.0,
2000054,0,Alexandra,0.0,80060.0,0.041,0.0,0.0,0.0,0.0,0.0,0.0,0.0,
2000055,0,Pandora,0.0,42397.0,0.204,0.0,0.0,0.0,0.0,0.0,0.0,0.0,
2000056,0,Melete,0.0,60666.5,0.057,0.0,0.0,0.0,0.0,0.0,0.0,0.0,
2000057,0,Mnemosyne,0.0,56295.0,0.2149,0.0,0.0,0.0,0.0,0.0,0.0,0.0,
2000058,0,Concordia,0.0,53258.5,0.044,0.0,0.0,0.0,0.0,0.0,0.0,0.0,
2000059,0,Elpis,0.0,82559.5,0.044,0.0,0.0,0.0,0.0,0.0,0.0,0.0,
2000060,0,Echo,0.0,21609.0,0.373,0.0,0.0,0.0,0.0,0.0,0.0,0.0,
2000061,0,Danae,0.0,42968.5,0.203,0.0,0.0,0.0,0.0,0.0,0.0,0.0,
2000062,0,Erato,0.0,53460.5,0.048,0.0,0.0,0.0,0.0,0.0,0.0,0.0,
2000063,0,Ausonia,0.0,58022.0,0.125,0.0,0.0,0.0,0.0,0.0,0.0,0.0,
2000064,0,Angelina,0.0,29146.0,0.483,0.0,0.0,0.0,0.0,0.0,0.0,0.0,
2000065,0,Cybele,0.0,118630.0,0.0706,0.0,0.0,0.0,0.0,0.0,0.0,0.0,
2000066,0,Maja,0.0,35910.0,0.0618,0.0,0.0,0.0,0.0,0.0,0.0,0.0,
2000067,0,Asia,0.0,28154.5,0.228,0.0,0.0,0.0,0.0,0.0,0.0,0.0,
2000068,0,Leto,0.0,61254.5,0.228,0.0,0.0,0.0,0.0,0.0,0.0,0.0,
2000069,0,Hesperia,0.0,69065.0,0.1402,0.0,0.0,0.0,0.0,0.0,0.0,0.0,
2000070,0,Panopaea,0.0,63955.5,0.038,0.0,0.0,0.0,0.0,0.0,0.0,0.0,
2000071,0,Niobe,0.0,41710.0,0.3052,0.0,0.0,0.0,0.0,0.0,0.0,0.0,
2000072,0,Feronia,0.0,37483.0,0.083,0.0,0.0,0.0,0.0,0.0,0.0,0.0,
2000073,0,Klytia,0.0,22295.0,0.223,0.0,0.0,0.0,0.0,0.0,0.0,0.0,
2000074,0,Galatea,0.0,59355.0,0.0431,0.0,0.0,0.0,0.0,0.0,0.0,0.0,
2000075,0,Eurydike,0.0,31188.5,0.117,0.0,0.0,0.0,0.0,0.0,0.0,0.0,
2000076,0,Freia,0.0,72711.5,0.058,0.0,0.0,0.0,0.0,0.0,0.0,0.0,
2000077,0,Frigga,0.0,30695.0,0.177,0.0,0.0,0.0,0.0,0.0,0.0,0.0,
2000078,0,Diana,0.0,60300.0,0.0706,0.0,0.0,0.0,0.0,0.0,0.0,0.0,
2000079,0,Eurynome,0.0,31739.5,0.287,0.0,0.0,0.0,0.0,0.0,0.0,0.0,
2000080,0,Sappho,0.0,34281.5,0.206,0.0,0.0,0.0,0.0,0.0,0.0,0.0,
2000081,0,Terpsichore,0.0,58863.5,0.045,0.0,0.0,0.0,0.0,0.0,0.0,0.0,
2000082,0,Alkmene,0.0,28810.5,0.167,0.0,0.0,0.0,0.0,0.0,0.0,0.0,
2000083,0,Beatrix,0.0,55251.5,0.05,0.0,0.0,0.0,0.0,0.0,0.0,0.0,
2000084,0,Klio,0.0,39580.0,0.0527,0.0,0.0,0.0,0.0,0.0,0.0,0.0,
2000085,0,Io,0.0,77395.0,0.06660000000000001,0.0,0.0,0.0,0.0,0.0,0.0,0.0,
2000086,0,Semele,0.0,54964.5,0.056,0.0,0.0,0.0,0.0,0.0,0.0,0.0,
2000087,0,Sylvia,0.0,126525.5,0.046,0.0,0.0,0.0,0.0,0.0,0.0,0.0,
2000088,0,Thisbe,0.0,116000.0,0.06710000000000001,0.0,0.0,0.0,0.0,0.0,0.0,0.0,
2000089,0,Julia,0.0,72741.5,0.189,0.0,0.0,0.0,0.0,0.0,0.0,0.0,
2000090,0,Antiope,0.0,57987.0,0.058,0.0,0.0,0.0,0.0,0.0,0.0,0.0,
2000091,0,Aegina,0.0,51701.0,0.048,0.0,0.0,0.0,0.0,0.0,0.0,0.0,
2000092,0,Undina,0.0,63210.0,0.2509,0.0,0.0,0.0,0.0,0.0,0.0,0.0,
2000093,0,Minerva,0.0,77077.5,0.056,0.0,0.0,0.0,0.0,0.0,0.0,0.0,
2000094,0,Aurora,0.0,102445.0,0.0395,0.0,0.0,0.0,0.0,0.0,0.0,0.0,
2000095,0,Arethusa,0.0,73984.5,0.058,0.0,0.0,0.0,0.0,0.0,0.0,0.0,
2000096,0,Aegle,0.0,88887.0,0.048,0.0,0.0,0.0,0.0,0.0,0.0,0.0,
2000097,0,Klotho,0.0,50358.5,0.128,0.0,0.0,0.0,0.0,0.0,0.0,0.0,
2000098,0,Ianthe,0.0,66394.0,0.029,0.0,0.0,0.0,0.0,0.0,0.0,0.0,
2000099,0,Dike,0.0,33677.0,0.065,0.0,0.0,0.0,0.0,0.0,0.0,0.0,
2000100,0,Hekate,0.0,42867.0,0.205,0.0,0.0,0.0,0.0,0.0,0.0,0.0,
